,Account,Cart,Catalog,Order
ItemMapper,0,1,1,1
lineitem(table),0,0,0,1
Sequence,0,0,0,1
ActionBeanContext,1,1,0,1
Optional,0,1,0,1
SequenceMapper,0,0,0,1
AccountActionBean,1,1,1,1
IncludeMyList(jsp),0,1,0,0
inventory(table),0,1,1,1
CategoryMapper,0,0,1,0
Product,1,1,1,1
CartActionBean,0,1,0,1
OrderActionBean,0,0,0,1
BigDecimal,0,1,0,1
OrderService,0,0,0,1
LineItem,0,0,0,1
IncludeTop(jsp),1,1,1,1
CatalogService,1,1,1,0
AccountMapper,1,0,0,0
item(table),0,0,1,1
CartItem,0,1,0,1
AccountService,1,0,0,0
NewOrderForm(jsp),0,0,0,1
ListOrders(jsp),0,0,0,1
EditAccountForm(jsp),1,0,0,0
Item(jsp),0,0,1,0
HttpSession,1,0,0,1
IncludeBottom(jsp),1,1,1,1
account(table),1,0,0,0
List,1,1,1,1
bannerdata(table),1,0,0,0
product(table),1,0,1,1
Cart(jsp),0,1,0,0
CatalogActionBean,1,0,1,0
ViewOrder(jsp),0,0,0,1
Item,0,1,1,1
signon(table),1,0,0,0
PrintStream,1,0,0,1
Order,0,0,0,1
Collections,0,1,0,1
ConfirmOrder(jsp),0,0,0,1
StringBuilder,0,0,1,0
OrderMapper,0,0,0,1
Account,1,1,1,1
orderstatus(table),0,0,0,1
Integer,0,1,0,1
category(table),0,0,1,0
Stream,0,1,0,1
Product(jsp),0,0,1,0
NewAccountForm(jsp),1,0,0,0
AbstractActionBean,1,1,1,1
SearchProducts(jsp),0,0,1,0
HttpServletRequest,1,1,0,1
Main(jsp),1,0,0,0
Iterator,0,1,0,1
LineItemMapper,0,0,0,1
orders(table),0,0,0,1
Category,0,0,1,0
sequence(table),0,0,0,1
IncludeAccountFields(jsp),1,0,0,0
Cart,0,1,0,1
profile(table),1,0,0,0
Category(jsp),0,0,1,0
String,1,0,1,1
Map,0,1,0,1
SignonForm(jsp),1,0,0,1
ProductMapper,1,0,1,0
