,Vet,Visit,Customer
Map,0,1,1
createOrUpdateOwnerForm(html),0,0,1
VisitRepository,0,1,1
StringBuilder,0,0,1
findOwners(html),0,0,1
BaseEntity,1,1,1
Person,1,1,1
NamedEntity,1,1,1
Pet,0,1,1
LocalDate,0,1,1
layout(html),1,1,1
PetRepository,0,1,1
owners(table),0,1,1
PropertyComparator,1,1,1
ownerDetails(html),0,1,1
Set,1,1,1
PetTypeFormatter,0,0,1
types(table),0,1,1
OwnerController,0,1,1
ownersList(html),0,0,1
vets(table),1,0,0
Class,0,0,1
OwnerRepository,0,1,1
pets(table),0,1,1
PetType,0,1,1
Owner,0,1,1
VetRepository,1,0,0
Collections,1,1,1
PetValidator,0,0,1
Visit,0,1,1
{ownerId}(html),0,1,1
VisitController,0,1,0
PetController,0,0,1
PageRequest,1,0,1
Vet,1,0,0
Page,1,0,1
vetList(html),1,0,0
specialties(table),1,0,0
String,0,0,1
StringUtils,0,0,1
Long,1,0,1
WebDataBinder,0,1,1
Model,1,0,1
Collection,0,0,1
Errors,0,0,1
createOrUpdateVisitForm(html),0,1,0
Specialty,1,0,0
VetController,1,0,0
1(html),0,0,1
11(html),0,0,1
Vets,1,0,0
List,1,1,1
BindingResult,0,1,1
Integer,1,1,1
selectField(html),0,0,1
Iterator,0,1,1
vet_specialties(table),1,0,0
ModelAndView,0,1,1
ModelMap,0,0,1
visits(table),0,1,1
createOrUpdatePetForm(html),0,0,1
inputField(html),0,1,1
